0	par_vec_0
1	par_vec_1
2	par_vec_2
3	par_vec_3
4	par_vec_4
5	par_vec_5
6	par_vec_6
7	par_vec_7
8	par_vec_8
9	par_vec_9
10	par_vec_10
11	par_vec_11
12	par_vec_12
13	par_vec_13
14	par_vec_14
15	par_vec_15
16	par_vec_16
17	par_vec_17
18	par_vec_18
19	par_vec_19
20	par_vec_20
21	par_vec_21
22	par_vec_22
23	par_vec_23
24	par_vec_24
25	par_vec_25
26	par_vec_26
27	par_vec_27
28	par_vec_28
29	par_vec_29
30	par_vec_30
31	par_vec_31
32	par_vec_32
33	par_vec_33
34	par_vec_34
35	par_vec_35
36	par_vec_36
37	par_vec_37
38	par_vec_38
39	par_vec_39
40	par_vec_40
41	par_vec_41
42	par_vec_42
43	par_vec_43
44	par_vec_44
45	par_vec_45
46	par_vec_46
47	par_vec_47
48	par_vec_48
49	par_vec_49
50	par_vec_50
51	par_vec_51
52	par_vec_52
53	par_vec_53
54	par_vec_54
55	par_vec_55
56	par_vec_56
57	par_vec_57
58	par_vec_58
59	par_vec_59
60	par_vec_60
61	par_vec_61
62	par_vec_62
63	par_vec_63
64	par_vec_64
65	par_vec_65
66	par_vec_66
67	par_vec_67
68	par_vec_68
69	par_vec_69
70	par_vec_70
71	par_vec_71
72	par_vec_72
73	par_vec_73
74	par_vec_74
75	par_vec_75
76	par_vec_76
77	par_vec_77
78	par_vec_78
79	par_vec_79
80	par_vec_80
81	par_vec_81
82	par_vec_82
83	par_vec_83
84	par_vec_84
85	par_vec_85
86	par_vec_86
87	par_vec_87
88	par_vec_88
89	par_vec_89
90	par_vec_90
91	par_vec_91
92	par_vec_92
93	par_vec_93
94	par_vec_94
95	par_vec_95
96	par_vec_96
97	par_vec_97
98	par_vec_98
99	par_vec_99
100	par_vec_100
101	par_vec_101
102	par_vec_102
103	par_vec_103
104	par_vec_104
105	par_vec_105
106	par_vec_106
107	par_vec_107
108	par_vec_108
109	par_vec_109
110	par_vec_110
111	par_vec_111
112	par_vec_112
113	par_vec_113
114	par_vec_114
115	par_vec_115
116	par_vec_116
117	par_vec_117
118	par_vec_118
119	par_vec_119
120	par_vec_120
121	par_vec_121
122	par_vec_122
123	par_vec_123
124	par_vec_124
125	par_vec_125
126	par_vec_126
127	par_vec_127
128	par_vec_128
129	par_vec_129
130	par_vec_130
131	par_vec_131
132	par_vec_132
133	par_vec_133
134	par_vec_134
135	par_vec_135
136	par_vec_136
137	par_vec_137
138	par_vec_138
139	par_vec_139
140	par_vec_140
141	par_vec_141
142	par_vec_142
143	par_vec_143
144	par_vec_144
145	par_vec_145
146	par_vec_146
147	par_vec_147
148	par_vec_148
149	par_vec_149
150	par_vec_150
151	par_vec_151
152	par_vec_152
153	par_vec_153
154	par_vec_154
155	par_vec_155
156	par_vec_156
157	par_vec_157
158	par_vec_158
159	par_vec_159
160	par_vec_160
161	par_vec_161
162	par_vec_162
163	par_vec_163
164	par_vec_164
165	par_vec_165
166	par_vec_166
167	par_vec_167
168	par_vec_168
169	par_vec_169
170	par_vec_170
171	par_vec_171
172	par_vec_172
173	par_vec_173
174	par_vec_174
175	par_vec_175
176	par_vec_176
177	par_vec_177
178	par_vec_178
179	par_vec_179
180	par_vec_180
181	par_vec_181
182	par_vec_182
183	par_vec_183
184	par_vec_184
185	par_vec_185
186	par_vec_186
187	par_vec_187
188	par_vec_188
189	par_vec_189
190	par_vec_190
191	par_vec_191
192	par_vec_192
193	par_vec_193
194	par_vec_194
195	par_vec_195
196	par_vec_196
197	par_vec_197
198	par_vec_198
199	par_vec_199
200	par_vec_200
201	par_vec_201
202	par_vec_202
203	par_vec_203
204	par_vec_204
205	par_vec_205
206	par_vec_206
207	par_vec_207
208	par_vec_208
209	par_vec_209
210	par_vec_210
211	par_vec_211
212	par_vec_212
213	par_vec_213
214	par_vec_214
215	par_vec_215
216	par_vec_216
217	par_vec_217
218	par_vec_218
219	par_vec_219
220	par_vec_220
221	par_vec_221
222	par_vec_222
223	par_vec_223
224	par_vec_224
225	par_vec_225
226	par_vec_226
227	par_vec_227
228	par_vec_228
229	par_vec_229
230	par_vec_230
231	par_vec_231
232	par_vec_232
233	par_vec_233
234	par_vec_234
235	par_vec_235
236	par_vec_236
237	par_vec_237
238	par_vec_238
239	par_vec_239
240	par_vec_240
241	par_vec_241
242	par_vec_242
243	par_vec_243
244	par_vec_244
245	par_vec_245
246	par_vec_246
247	par_vec_247
248	par_vec_248
249	par_vec_249
250	par_vec_250
251	par_vec_251
252	par_vec_252
253	par_vec_253
254	par_vec_254
255	par_vec_255
256	par_vec_256
257	par_vec_257
258	par_vec_258
259	par_vec_259
260	par_vec_260
261	par_vec_261
262	par_vec_262
263	par_vec_263
264	par_vec_264
265	par_vec_265
266	par_vec_266
267	par_vec_267
268	par_vec_268
269	par_vec_269
270	par_vec_270
271	par_vec_271
272	par_vec_272
273	par_vec_273
274	par_vec_274
275	par_vec_275
276	par_vec_276
277	par_vec_277
278	par_vec_278
279	par_vec_279
280	par_vec_280
281	par_vec_281
282	par_vec_282
283	par_vec_283
284	par_vec_284
285	par_vec_285
286	par_vec_286
287	par_vec_287
288	par_vec_288
289	par_vec_289
290	par_vec_290
291	par_vec_291
292	par_vec_292
293	par_vec_293
294	par_vec_294
295	par_vec_295
296	par_vec_296
297	par_vec_297
298	par_vec_298
299	par_vec_299
300	par_vec_300
301	par_vec_301
302	par_vec_302
303	par_vec_303
304	par_vec_304
305	par_vec_305
306	par_vec_306
307	par_vec_307
308	par_vec_308
309	par_vec_309
310	par_vec_310
311	par_vec_311
312	par_vec_312
313	par_vec_313
314	par_vec_314
315	par_vec_315
316	par_vec_316
317	par_vec_317
318	par_vec_318
319	par_vec_319
320	par_vec_320
321	par_vec_321
322	par_vec_322
323	par_vec_323
324	par_vec_324
325	par_vec_325
326	par_vec_326
327	par_vec_327
328	par_vec_328
329	par_vec_329
330	par_vec_330
331	par_vec_331
332	par_vec_332
333	par_vec_333
334	par_vec_334
335	par_vec_335
336	par_vec_336
337	par_vec_337
338	par_vec_338
339	par_vec_339
340	par_vec_340
341	par_vec_341
342	par_vec_342
343	par_vec_343
344	par_vec_344
345	par_vec_345
346	par_vec_346
347	par_vec_347
348	par_vec_348
349	par_vec_349
350	par_vec_350
351	par_vec_351
352	par_vec_352
353	par_vec_353
354	par_vec_354
355	par_vec_355
356	par_vec_356
357	par_vec_357
358	par_vec_358
359	par_vec_359
360	par_vec_360
361	par_vec_361
362	par_vec_362
363	par_vec_363
364	par_vec_364
365	par_vec_365
366	par_vec_366
367	par_vec_367
368	par_vec_368
369	par_vec_369
370	par_vec_370
371	par_vec_371
372	par_vec_372
373	par_vec_373
374	par_vec_374
375	par_vec_375
376	par_vec_376
377	par_vec_377
378	par_vec_378
379	par_vec_379
380	par_vec_380
381	par_vec_381
382	par_vec_382
383	par_vec_383
384	par_vec_384
385	par_vec_385
386	par_vec_386
387	par_vec_387
388	par_vec_388
389	par_vec_389
390	par_vec_390
391	par_vec_391
392	par_vec_392
393	par_vec_393
394	par_vec_394
395	par_vec_395
396	par_vec_396
397	par_vec_397
398	par_vec_398
399	par_vec_399
